<?xml version="1.0" encoding="UTF-8"?>
<project version="4">
  <component name="ChangeListManager">
    <list default="true" id="143e9f8b-98ae-4039-96dd-15f48746b121" name="Default Changelist" comment="" />
    <option name="SHOW_DIALOG" value="false" />
    <option name="HIGHLIGHT_CONFLICTS" value="true" />
    <option name="HIGHLIGHT_NON_ACTIVE_CHANGELIST" value="false" />
    <option name="LAST_RESOLUTION" value="IGNORE" />
  </component>
  <component name="FileTemplateManagerImpl">
    <option name="RECENT_TEMPLATES">
      <list>
        <option value="Class" />
      </list>
    </option>
  </component>
  <component name="ProjectId" id="1jgyZMIxalVfoM16XSd01RGNFdx" />
  <component name="ProjectViewState">
    <option name="hideEmptyMiddlePackages" value="true" />
    <option name="showLibraryContents" value="true" />
  </component>
  <component name="PropertiesComponent">
    <property name="RunOnceActivity.OpenProjectViewOnStart" value="true" />
    <property name="WebServerToolWindowFactoryState" value="false" />
    <property name="aspect.path.notification.shown" value="true" />
    <property name="nodejs_package_manager_path" value="npm" />
  </component>
  <component name="RunManager">
    <configuration name="Main" type="Application" factoryName="Application" temporary="true" nameIsGenerated="true">
      <option name="MAIN_CLASS_NAME" value="main.Main" />
      <module name="Laborator 4 OOP" />
      <extension name="coverage">
        <pattern>
          <option name="PATTERN" value="main.*" />
          <option name="ENABLED" value="true" />
        </pattern>
      </extension>
      <method v="2">
        <option name="Make" enabled="true" />
      </method>
    </configuration>
    <configuration default="true" type="ArquillianJUnit" factoryName="" nameIsGenerated="true">
      <option name="arquillianRunConfiguration">
        <value>
          <option name="containerStateName" value="" />
        </value>
      </option>
      <option name="TEST_OBJECT" value="class" />
      <method v="2">
        <option name="Make" enabled="true" />
      </method>
    </configuration>
    <recent_temporary>
      <list>
        <item itemvalue="Application.Main" />
      </list>
    </recent_temporary>
  </component>
  <component name="SpellCheckerSettings" RuntimeDictionaries="0" Folders="0" CustomDictionaries="0" DefaultDictionary="application-level" UseSingleDictionary="true" transferred="true" />
  <component name="TaskManager">
    <task active="true" id="Default" summary="Default task">
      <changelist id="143e9f8b-98ae-4039-96dd-15f48746b121" name="Default Changelist" comment="" />
      <created>1604240106281</created>
      <option name="number" value="Default" />
      <option name="presentableId" value="Default" />
      <updated>1604240106281</updated>
      <workItem from="1604240112421" duration="664000" />
      <workItem from="1604311543071" duration="611000" />
      <workItem from="1604313610999" duration="1858000" />
      <workItem from="1604644910088" duration="1223000" />
      <workItem from="1604737269723" duration="2464000" />
      <workItem from="1604820604028" duration="1031000" />
      <workItem from="1604828383405" duration="118000" />
      <workItem from="1604923337138" duration="701000" />
    </task>
    <servers />
  </component>
  <component name="TypeScriptGeneratedFilesManager">
    <option name="version" value="3" />
  </component>
  <component name="WindowStateProjectService">
    <state width="1323" height="207" key="GridCell.Tab.0.bottom" timestamp="1604741248123">
      <screen x="0" y="0" width="1366" height="728" />
    </state>
    <state width="1323" height="207" key="GridCell.Tab.0.bottom/0.0.1366.728@0.0.1366.728" timestamp="1604741248123" />
    <state width="1323" height="207" key="GridCell.Tab.0.center" timestamp="1604741248123">
      <screen x="0" y="0" width="1366" height="728" />
    </state>
    <state width="1323" height="207" key="GridCell.Tab.0.center/0.0.1366.728@0.0.1366.728" timestamp="1604741248123" />
    <state width="1323" height="207" key="GridCell.Tab.0.left" timestamp="1604741248123">
      <screen x="0" y="0" width="1366" height="728" />
    </state>
    <state width="1323" height="207" key="GridCell.Tab.0.left/0.0.1366.728@0.0.1366.728" timestamp="1604741248123" />
    <state width="1323" height="207" key="GridCell.Tab.0.right" timestamp="1604741248123">
      <screen x="0" y="0" width="1366" height="728" />
    </state>
    <state width="1323" height="207" key="GridCell.Tab.0.right/0.0.1366.728@0.0.1366.728" timestamp="1604741248123" />
  </component>
</project>